{
  "features\\annotations\\api.ts": 1777299803.625013,
  "features\\annotations\\geometry.ts": 1777299803.625013,
  "features\\annotations\\list-utils.ts": 1777299803.625013,
  "features\\annotations\\reanchor.ts": 1777299803.625013,
  "features\\annotations\\schema.ts": 1777299803.625013,
  "features\\annotations\\service.ts": 1777299803.625013,
  "features\\annotations\\types.ts": 1777299803.625013,
  "features\\auth\\slice.ts": 1777299803.639174,
  "features\\bookmarks\\api.ts": 1776735927.3084488,
  "features\\bookmarks\\schema.ts": 1776688114.818829,
  "features\\collaboration\\api.ts": 1777299803.639174,
  "features\\comments\\api.ts": 1777299803.6406808,
  "features\\documents\\api.ts": 1777299803.6419187,
  "features\\documents\\schema.ts": 1777299803.6419187,
  "features\\members\\api.ts": 1777299803.6419187,
  "features\\modals\\slice.ts": 1776686523.8421698,
  "features\\notifications\\api.ts": 1777299803.6419187,
  "features\\share-links\\api.ts": 1777299803.6419187,
  "features\\tags\\api.ts": 1777299803.6419187,
  "features\\theme\\slice.ts": 1776686523.8421698,
  "features\\toasts\\slice.ts": 1776686523.8421698,
  "features\\viewer\\api.ts": 1777299803.6419187,
  "features\\viewer\\provider.tsx": 1777299803.6419187,
  "features\\viewer\\store.ts": 1777299803.6419187,
  "prisma\\seed.ts": 1777299803.6755252,
  "prisma\\schema.prisma": 1777299803.6755252
}